ID_0,ISO,NAME_0,ID_1,NAME_1,HASC_1,CCN_1,CCA_1,TYPE_1,ENGTYPE_1,NL_NAME_1,VARNAME_1
107,IRN,Iran,1,Alborz,IR.AL,NA,,Ostan,Province,<U+0627><U+0633><U+062A><U+0627><U+0646> <U+0627><U+0644><U+0628><U+0631><U+0632>,
107,IRN,Iran,2,Ardabil,IR.AR,NA,,Ostan,Province,,Ardabil
107,IRN,Iran,3,Bushehr,IR.BS,NA,,Ostan,Province,,Banader va Jazayer-e Khalij-e Fars|Bushire|Persian Gulf|Ports and Islands of the Persian Gulf
107,IRN,Iran,4,Chahar Mahall and Bakhtiari,IR.CM,NA,,Ostan,Province,,Bakhtiari|Chaharmahal va Bakhtiyari|Charmahal-Bakhtiyari
107,IRN,Iran,5,East Azerbaijan,IR.EA,NA,,Ostan,Province,,Azarbayjan-e Khavari|Azarbaijan-e Sharghi|Azarbaijan-Sharqi|East Azarbayejan|Azerba‹djan e Sharqi
107,IRN,Iran,7,Fars,IR.FA,NA,,Ostan,Province,,
107,IRN,Iran,8,Gilan,IR.GI,NA,,Ostan,Province,,
107,IRN,Iran,9,Golestan,IR.GO,NA,,Ostan,Province,,
107,IRN,Iran,10,Hamadan,IR.HD,NA,,Ostan,Province,,Hamedan
107,IRN,Iran,11,Hormozgan,IR.HG,NA,,Ostan,Province,,Banader va Jazayer-e Bahr-e Oman|Ports and Islands of the Sea of Oman|Saheli
107,IRN,Iran,12,Ilam,IR.IL,NA,,Ostan,Province,,Ilam and Poshtkuh
107,IRN,Iran,6,Isfahan,IR.ES,NA,,Ostan,Province,,Isfahan|Ispahan
107,IRN,Iran,13,Kerman,IR.KE,NA,,Ostan,Province,,
107,IRN,Iran,14,Kermanshah,IR.BK,NA,,Ostan,Province,,Bakhtaran|Kermanshahan
107,IRN,Iran,15,Khuzestan,IR.KZ,NA,,Ostan,Province,,Khuzistan|Kouzistan
107,IRN,Iran,16,Kohgiluyeh and Boyer Ahmad,IR.KB,NA,,Ostan,Province,,Bovir Ahmadi and Kohkiluyeh|Boyer-Ahmad and Koh-Giluye|Boyer Ahmad e Kohkiluyeh|Boyer Ahmadi-ye Sardir va Kohkiluyeh|Kohgil
107,IRN,Iran,17,Kurdistan,IR.KD,NA,,Ostan,Province,,Kurdistan
107,IRN,Iran,18,Lorestan,IR.LO,NA,,Ostan,Province,,
107,IRN,Iran,19,Markazi,IR.MK,NA,,Ostan,Province,,
107,IRN,Iran,20,Mazandaran,IR.MN,NA,,Ostan,Province,,
107,IRN,Iran,21,North Khorasan,IR.KS,NA,,Ostan,Province,,Khorasan-e Shemali
107,IRN,Iran,22,Qazvin,IR.QZ,NA,,Ostan,Province,,
107,IRN,Iran,23,Qom,IR.QM,NA,,Ostan,Province,,
107,IRN,Iran,24,Razavi Khorasan,IR.KV,NA,,Ostan,Province,,Khorasan-e Razavi
107,IRN,Iran,25,Semnan,IR.SM,NA,,Ostan,Province,,
107,IRN,Iran,26,Sistan and Baluchestan,IR.SB,NA,,Ostan,Province,,Baluchestan va Sistan|Seistan and Baluchistan|Sistan e Baloutchistan
107,IRN,Iran,27,South Khorasan,IR.KJ,NA,,Ostan,Province,,Khorasan-e Janubi
107,IRN,Iran,28,Tehran,IR.TH,NA,,Ostan,Province,<U+0627><U+0633><U+062A><U+0627><U+0646> <U+062A><U+0647><U+0631><U+0627><U+0646>,Teheran
107,IRN,Iran,29,West Azerbaijan,IR.WA,NA,,Ostan,Province,,Azarbayjan-e Bakhtari|Azarbaijan-e Gharbi|West Azarbayejan|Azerba‹djan e Gharbi
107,IRN,Iran,30,Yazd,IR.YA,NA,,Ostan,Province,,
107,IRN,Iran,31,Zanjan,IR.ZA,NA,,Ostan,Province,,
